-- phpMyAdmin SQL Dump
-- version 5.1.3
-- https://www.phpmyadmin.net/
--
-- Servidor: vm13.db.swarm.test
-- Tiempo de generación: 12-05-2022 a las 16:58:57
-- Versión del servidor: 10.8.2-MariaDB-1:10.8.2+maria~focal
-- Versión de PHP: 8.0.15

SET SQL_MODE = "NO_AUTO_VALUE_ON_ZERO";
START TRANSACTION;
SET time_zone = "+00:00";


/*!40101 SET @OLD_CHARACTER_SET_CLIENT=@@CHARACTER_SET_CLIENT */;
/*!40101 SET @OLD_CHARACTER_SET_RESULTS=@@CHARACTER_SET_RESULTS */;
/*!40101 SET @OLD_COLLATION_CONNECTION=@@COLLATION_CONNECTION */;
/*!40101 SET NAMES utf8mb4 */;

--
-- Base de datos: `awfinity`
--

--
-- Volcado de datos para la tabla `apariencia`
--

INSERT INTO `apariencia` (`aspecto`) VALUES
('default.css');

--
-- Volcado de datos para la tabla `bso`
--

INSERT INTO `bso` (`id_bso`, `titulo`, `compositor`, `numCanciones`, `genero`, `sinopsis`, `ruta_imagen`) VALUES
(4, 'Dune (Original Motio', '', 1, 'fantasia', 'Premio Grammy al mejor álbum de banda sonora para película, televisión u otro medio visual', './img/bso/dune.png'),
(5, 'Your Name', '', 2, 'anime', 'Your Name es el séptimo álbum de estudio de la agrupación de rock japonesa Radwimps que fue lanzado el 24 de agosto de 2016 en plataformas digitales', './img/bso/name.png'),
(8, 'Skyfall', 'Sony Music', 3, 'accion', 'Skyfall es la banda sonora de la vigesimatercera película de James Bond. Fue publicada por Sony Classical el 9 de octubre de 2012 en Reino Unido y el 6 de noviembre en Estados Unidos.', './img/bso/sky.png'),
(9, 'Marriage Story', 'Netflix', 2, 'drama', 'Charlie, un director de teatro neoyorquino y su mujer actriz, Nicole, luchan por superar un proceso de divorcio que les lleva al extremo tanto en lo personal como en lo creativo', './img/bso/matrimonio.png'),
(10, 'Fast and furious', 'Universal', 3, 'accion', 'Dom Toretto (Vin Diesel) lleva una vida tranquila con Letty y su hijo, el pequeño Brian, pero saben que el peligro siempre acecha. Esta vez, esa amenaza obligará a Dom a enfrentarse a los pecados de su pasado si quiere salvar a quienes más quiere. El equipo se vuelve a reunir para impedir un complot a escala mundial, liderado por uno de los asesinos más peligrosos y mejor conductor a los que se han enfrentado; un hombre que además es el hermano desaparecido de Dom, Jakob (John Cena). Novena entrega de la famosa franquicia.', './img/bso/fast.png'),
(11, 'High School Musical', 'David Lawrence', 0, 'musical', 'Durante unas vacaciones de Navidad, los jóvenes Troy y Gabriella (dos adolescentes en principo con pocas cosas en común) se conocen. Ambos descubren su interés mutuo por la música durante un concurso de karaoke, y deciden presentarse al casting del musical del instituto', './img/bso/high.png'),
(12, 'Meet the Robinsons', 'Walt Disney', 0, 'ciencia ficcion', 'Cuando Lewis conoce a un misterioso chico que viene del futuro llamado Wilbur Robinson, ambos harán un viaje en el tiempo donde Lewis descubre el asombroso secreto de la familia Robinson', './img/bso/meet.png'),
(13, 'Nocturne', 'Blumhouse', 0, 'terror', 'Un pianista increíblemente habilidoso realiza un trato con el diablo para tratar de superar a su hermana en una prestigiosa institución que forma a estudiantes de música clásica', './img/bso/nocturne.png'),
(14, 'Vivo.', 'Lin-Manuel Miranda', 0, 'comedia', 'Narra la vida de Vivo, un kinkajú («oso de la miel» de la selva tropical) dotado de un brillante talento para la música, que busca la forma de viajar desde La Habana hasta Miami para entregarle una canción al antiguo amor de su adorado dueño', './img/bso/vivo.png');

--
-- Volcado de datos para la tabla `canciones`
--

INSERT INTO `canciones` (`id_cancion`, `id_bso`, `nombre_cancion`, `ruta_audio`) VALUES
(2, 3, 'Prueba rancho 2', './img/canciones/generico.mp3'),
(6, 8, 'Kill them first', './img/canciones/Titanic.mp3'),
(7, 8, 'Skyfall Lunar', './img/canciones/diablo.mp3'),
(9, 8, 'The Bloody', './img/canciones/jiggle.mp3'),
(10, 9, 'Cisne', './img/canciones/cisne.mp3'),
(11, 9, 'Petit', './img/canciones/petit.mp3'),
(12, 5, 'Roedor', './img/canciones/rata.mp3'),
(13, 4, 'Brujitas', './img/canciones/winx.mp3'),
(14, 10, 'Rapidito', './img/canciones/fast.mp3'),
(16, 10, 'Frenaaaa', './img/canciones/dbgt.mp3'),
(17, 5, 'Counter', './img/canciones/counterattack.mp3'),
(18, 10, 'Aparca..', './img/canciones/byzhen2.mp3');

--
-- Volcado de datos para la tabla `consulta`
--

INSERT INTO `consulta` (`id_consulta`, `nombre`, `email`, `consulta`, `motivo`, `fecha`) VALUES
(9, 'desconocido', 'desc@gmail.com', 'Esta pagina esta genial!!!', 'evaluacion', '2022-05-07'),
(10, 'jkk01', 'javk@ucm.es', 'Podeis annadir mas pelis????', 'sugerencias', '2022-05-07'),
(11, 'xx_30', 'xxx@gmail.com', 'Buenas! vuestros blogs son interesantes!!!', 'evaluacion', '2022-05-07'),
(12, 'bucanero2', 'mart33@ucm.es', 'mmmmmmmmmmmmmmmmmmmmmmmmmmmmmmmmmmm :(', 'criticas', '2022-05-07'),
(15, 'Admin', 'admin001@gmail.com', 'Accede al panel de admin para gestionar las consultas...', 'sugerencias', '2022-05-07'),
(16, 'moha', 'mohel@ucm.es', 'podeis colocar videos de eurovision pls? :(', 'sugerencias', '2022-05-07'),
(17, 'bucanero2', 'mart33@ucm.es', 'otra pruebaaaaaaaaa', 'criticas', '2022-05-07'),
(18, 'wkskh', 'skkk@gmail.com', 'consulta de dia 08/05/2022', 'criticas', '2022-05-08'),
(19, 'Admin', 'ad@ucm.es', 'holaaaa', 'evaluacion', '2022-05-09');

--
-- Volcado de datos para la tabla `episodios`
--

INSERT INTO `episodios` (`id_episodio`, `id_serie`, `titulo`, `duracion`, `temporada`, `ruta_video`, `sinopsis`) VALUES
(24, 7, 'A ti, dentro de 2000', 26, 1, './img/episodios/attackontitan.mp4', 'La historia comienza ubicándonos en el año 845, el Cuerpo de Exploración está a punto de agredir a un titán en su plan para empezar la venganza de la humanidad contra los titanes y crear la primera base extrajera de la humanidad.'),
(27, 16, 'Atardece en la luna', 45, 1, './img/episodios/atardecer.mp4', 'La luz de la luna pilota el duelo en el Corral So-So'),
(28, 16, 'Vuelve', 40, 1, './img/episodios/hanghang.mp4', 'El retorno de HangHang'),
(29, 16, 'Mario...', 40, 2, './img/episodios/mariobros.mp4', 'La nostalgia al pensar en él...'),
(30, 17, 'El mundo de cubos', 35, 1, './img/episodios/minecraft.mp4', 'Las aristas que tiene la vida...'),
(31, 7, 'Aquel d&iacute;a', 40, 1, './img/episodios/niggawtf.mp4', 'No se creerán lo que ocurrió'),
(32, 18, 'Todo son risas', 35, 1, './img/episodios/videogenerico.mp4', 'Descubre, con nosotros, la estupenda experiencia de hacer el trabajo más guay que hemos hecho en la carrera!');

--
-- Volcado de datos para la tabla `noticias`
--

INSERT INTO `noticias` (`idNoticia`, `titulo`, `subtitulo`, `imagenNombre`, `contenido`, `fechaPublicacion`, `autor`, `categoria`, `etiquetas`) VALUES
(31, 'Alma coin y las virtudes de esta villana', 'La mala no tan mala', 'alma.jpg', '<p style=\"text-align:justify;\"><span style=\"color:#b96ad9;\">La presidenta <strong>Coin </strong>aparece por primera vez en <strong><em>Sinsajo</em></strong>. <span style=\"font-family:impact, sans-serif;\">Ella es la líder de la rebelión, y la presidenta del Distrito 13.</span> Ella asume el poder después de que la rebelión termina. <span style=\"font-family:\'comic sans ms\', sans-serif;\">Katniss se da cuenta de su hambre de poder.</span> Ella es muy egoísta, aunque trata de no parecerlo, como lo demuestra en numerosos actos en todo el libro. </span></p>\n<p style=\"text-align:center;\"><span style=\"color:#b96ad9;\">Algunos de estos actos incluyen ordenar el <span style=\"text-decoration:underline;\">asesinato de Katniss</span>, el bombardeo a los niños en el Capitolio lo que mata no sólo a los niños, sino también algunos médicos rebeldes,</span> <span style=\"background-color:#ffffff;color:#3598db;\">entre ellos Primrose Everdeen, y matando a una gran cantidad de gente innecesariamente. También es muy injusta, ya que iba a enjuiciar a Peeta Mellark, Johanna Mason y a Enobaria sólo por quedarse en la arena. </span></p>\n<p style=\"text-align:justify;\"><span style=\"background-color:#ffffff;color:#3598db;\">Ella es aún más despiadada que el presidente Snow en muchos aspectos.</span> <span style=\"color:#2dc26b;\">Como venganza por los malos tratos a los distritos, ella sugiere en hacer los 76º Juegos del Hambre, pero en este caso los tributos serán tomados de los niños del capitolio. Estos juegos fueron votados por los vencedores, donde la mayoría decidió que había que hacerlos. Pero los juegos nunca se llevaron acabo por el asesinato de Coin.</span></p>\n<p style=\"text-align:justify;\"><span style=\"color:#f1c40f;\">Ella fue asesinada por una flecha disparada por Katniss Everdeen (en parte para vengar la muerte de Primrose Everdeen) durante la ejecución del ex presidente de Panem, el presidente Snow.</span><span style=\"color:#e03e2d;\"> En Los Juegos del Hambre: Sinsajo - parte 1, Katniss pregunta a Prim por la escasez de niños, a lo que Prim responde que muchos de ellos murieron en una epidemia de varicela, incluyendo al esposo y a la hija de la presidenta Coin.</span></p>', '2022-05-12', 'Mohammed', 'noticia', ''),
(32, 'Emma Watson estrena pel&iacute;cula en Fox', 'La maga novel se embarca en una nueva historia', 'emma.jpg', '<p style=\"text-align:justify;\"><span style=\"background-color:#f8cac6;\"><strong>Ya ha visto la luz la primera imagen del nuevo filme de Emma Watson, Colonia</strong>. </span></p>\n<p style=\"text-align:justify;\"><span style=\"color:#f1c40f;\">En el fotograma publicado por la productora Majestic Filmproduktion podemos ver a la actriz siendo intimidada por su compañero de reparto Mikael Nyqvist, actor de la trilogía Millenium. También se aprecia la ambientación de los años 70, ya que la película dirigida por el director Florian Gallenberger,</span> <span style=\"color:#f1c40f;\">quien ganó un Oscar por su cortometraje Quiero ser, cuenta la historia de una pareja de alemanes que son separados durante la dictadura de Pinochet en Chile. </span></p>\n<p style=\"text-align:justify;\"><span style=\"color:#f1c40f;\">Cuando Daniel (Daniel Brühl, El hombre más buscado) es secuestrado, su esposa Lena (Watson) deberá unirse a una iglesia muy peligrosa para rescatarlo.</span> <span style=\"color:#e03e2d;\">El equpo de Colonia acaba de terminar de rodar en Luxemburgo y ahora la producción se trasladará a Alemania antes de terminar en Sudamérica. Un largo camino hasta su estreno oficial programado para octubre de 2015.</span></p>', '2022-05-12', 'Jie Gao', 'noticiaEstreno', ''),
(33, 'Kate Winslet sera la anfitriona de la inauguraci&oacute;n de DivergentPark', 'El nuevo parque que revolucionara Castilla y Leon', 'kate.jpg', '<p style=\"text-align:justify;\"><span style=\"background-color:#c2e0f4;\">Kate Elizabeth Winslet (CBE ) nació el 5 de octubre de 1975, en Reading, Inglaterra. Es una actriz británica de cine y cantante ocasional. En 2008 ganó el premio Óscar a la mejor actriz por su papel en The Reader, convirtiéndose en la actriz más joven en conseguir m<em>ás nominaciones en dicho premio. </em></span></p>\n<p style=\"text-align:justify;\"><span style=\"background-color:#c2e0f4;\"><em>Logró gran reconocimiento gracias a su participación en Sense and Sensi</em>bility en 19<span style=\"text-decoration:line-through;\">95, y la fama mundial por Titanic en 1997. Desde el año 2000, sus interpretaciones continuaron teniendo buenos comentarios de los críticos de cine,</span></span><span style=\"text-decoration:line-through;\"> </span><span style=\"background-color:#eccafa;\"><span style=\"text-decoration:line-through;\">y ha sido nominada para varios premios por su trabajo en pelíclas como Quills (2000), Iris </span>(2001), Eternal Sunshine of the Spotless Mind (2004), Finding Neverland (2004), Little Children (2006), The Reader (2008) y Revolutionary Road (2008). La revista New York la nombró como la \"mejor actriz anglo-parlante de su generación\". </span></p>\n<p style=\"text-align:justify;\"><span style=\"background-color:#eccafa;\">Interpreta a Jeanine Matthews en la adaptación de la novela Divergente escrita por Veronica Roth.</span></p>', '2022-05-12', 'Sandra Sanchez', 'noticiaEvento', ''),
(35, 'Hoyeon debutar&aacute; en Hollywood', 'Se viene con A24, The Governesses', 'hoyeon.png', '<p class=\"MsoNormal\" style=\"text-align:justify;\"><span lang=\"es\" style=\"color:#e03e2d;\" xml:lang=\"es\">Según informa Deadline la estrella de \'El juego del calamar\', Hoyeon ha firmado para participar en su primera película en Hollywood con una adaptación cinematográfica para A24 titulada \'The Governesses\'. Hoyeon protagonizará junto a Lily-Rose Depp (\'Instintos ocultos\') y Renate Reinsve (\'La peor persona del mundo\') la que será la segunda película como director de Joe Talbot (\'The Last Black Man in San Francisco\'), la cual estará basada en la novela de Anne Serre del mismo nombre.</span></p>\n<p class=\"MsoNormal\" style=\"text-align:justify;\"><span lang=\"es\" style=\"color:#3598db;\" xml:lang=\"es\">Escrita por Talbot y Olivia Gatwood, la película seguirá a tres institutrices rebeldes que trastornan la casa en la que trabajan, inspirando las mentes de los niños a su cargo, encendiendo la imaginación de la pareja bohemia que los emplea y ausentándose de sus tareas para vivir aventuras eróticas.</span></p>\n<p class=\"MsoNormal\" style=\"text-align:justify;\"><span lang=\"es\" xml:lang=\"es\"><span style=\"color:#2dc26b;\">La adaptación será producida por Ed Guiney y Andrew Lowe de Element Pictures, Rob Richert de Longshot Features y Angus Lamont, en una producción que será financiada por A24 y BBC Film. Se espera que la producción tenga lugar en España.</span></span></p>', '2022-05-12', 'Marta', 'noticia', ''),
(36, 'La casa del drag&oacute;n... qu&eacute; caro', '&iexcl;Es m&aacute;s cara que Juego de Tronos!', 'casadragon.png', '<p class=\"MsoNormal\" style=\"text-align:left;line-height:normal;background:#FFFFFF;\" align=\"left\"><em><span style=\"font-size:12pt;color:#222222;\"><span style=\"background-color:#f8cac6;\">El próximo spin-off televisivo de \'Juego de tronos\', \'La casa del Dragón\' (House of the Dragon) será más costoso para HBO que la última temporada de la serie original. Según informa Variety, cada uno de los 10 episodios de la primera temporada costará a la compañía algo menos de 20 millones de dólares, mientras que la p</span><span style=\"background-color:#fbeeb8;\">roducción de la octava y última temporada de \'Juego de tronos\' costó 15 millones por cada uno de sus seis episodios. </span></span></em></p>\n<p><span style=\"background-color:#fbeeb8;\"><em> </em></span></p>\n<p class=\"MsoNormal\" style=\"text-align:left;line-height:normal;background:#FFFFFF;\" align=\"left\"><span style=\"font-size:12pt;color:#222222;\"><em><span style=\"background-color:#fbeeb8;\">Igualmente la compañía se ha mostrado satisfecha con unas cifras que podrían haberse incrementado mucho más de no ser porque ahora HBO tiene claro lo que necesita para realizar este tipo de mundos fantásticos</span>. </em><span style=\"background-color:#f8cac6;\">El medio señala que la experiencia de la compañía con series como \'Juego de tronos\', \'Westworld\' y \'La materia oscura\' le ha facilitado sobremanera la creación de una serie de alta calidad de manera más eficiente y por menos dinero. </span></span></p>\n<p class=\"MsoNormal\" style=\"text-align:left;line-height:normal;background:#FFFFFF;\" align=\"left\"><span style=\"font-size:12pt;color:#222222;background-color:#f8cac6;\">Para que nos hagamos una idea, esta misma semana también se ha dado a conocer que los nueve episodios de la cuarta temporada de \'Stranger Things\' ha tenido un coste medio de 30 millones cada uno.</span></p>', '2022-05-12', 'Administrador', 'noticia', ''),
(37, 'Brie Larson', 'Estar&aacute; en Fast&amp;Furious 10', 'brie.png', '<p class=\"MsoNormal\" style=\"line-height:normal;background:#FFFFFF;text-align:justify;\" align=\"left\"><em><span style=\"font-size:12pt;color:#222222;\">Vin Diesel ha anunciado a través de su cuenta de Instagram que Brie Larson (\'Free Fire\', \'La habitación\') se ha unido al reparto de la décima entrega de la franquicia de \'Fast &amp; Furious\', si bien no ha acompañado el anuncio revelando algún detalle sobre su personaje. </span></em></p>\n<p class=\"MsoNormal\" style=\"line-height:normal;background:#FFFFFF;text-align:justify;\" align=\"left\"><span style=\"font-size:12pt;color:#222222;font-family:impact, sans-serif;\">El de Larson es, por lo tanto, el segundo fichaje de la que se supone será la penúltima entrega de la saga después del de Jason Momoa, quien, recordemos, a finales de enero fue anunciado como el villano de la función. </span></p>\n<p class=\"MsoNormal\" style=\"line-height:normal;background:#FFFFFF;text-align:justify;\" align=\"left\"><span style=\"font-size:12pt;color:#222222;background-color:#bfedd2;\">Hace un par de semanas The Wrap también adelantó que Daniela Melchior (\'El escuadrón suicida\') se encontraba negociando su participación, si bien de momento no se ha confirmado su presencia en un filme que junto a Vin Diesel, se espera que esté de nuevo protagonizado por los habituales de la saga Michelle Rodriguez, Jordana Brewster, Ludacris, Tyrese Gibson, Nathalie Emmanuel, Sung Kang, Charlize Theron y probablemente también John Cena, el hermano en la ficción de Dominic Toretto al que conocimos en \'Fast &amp; Furious 9\'. </span></p>\n<p class=\"MsoNormal\" style=\"line-height:normal;background:#FFFFFF;text-align:justify;\" align=\"left\"><span style=\"font-size:12pt;color:#222222;\"><span style=\"color:#b96ad9;\">\'Fast &amp; Furious 10\' estará dirigida por Justin Lin, responsable de las entregas 3, 4, 5, 6 y 9 de la franquicia, y escrita por Dan Mazeau en sustitución de Chris Morgan, quien había sido el guionista titular de la saga desde la tercera parte. Si no hay ningún contratiempo, su estreno en cines de la mano de Universal Pictures se producirá en mayo de 2023.</span></span></p>', '2022-05-12', 'Marta', 'noticiaEstreno', '');

--
-- Volcado de datos para la tabla `peliculas`
--

INSERT INTO `peliculas` (`id_pelicula`, `titulo`, `director`, `duracion`, `genero`, `sinopsis`, `ruta_imagen`) VALUES
(17, 'Avatar', 'James Cameron', 162, 'ciencia ficcion', 'Jake Sully (Sam Worthington), un ex-marine condenado a vivir en una silla de ruedas, sigue siendo, a pesar de ello, un auténtico guerrero. Precisamente por ello ha sido designado para ir a Pandora, donde algunas empresas están extrayendo un mineral extraño que podría resolver la crisis energética de la Tierra. Para contrarrestar la toxicidad de la atmósfera de Pandora, se ha creado el programa Avatar, gracias al cual los seres humanos mantienen sus conciencias unidas a un avatar: un cuerpo biológico controlado de forma remota que puede sobrevivir en el aire letal. Esos cuerpos han sido creados con ADN humano, mezclado con ADN de los nativos de Pandora, los Na\'vi. Convertido en avatar, Jake puede caminar otra vez. Su misión consiste en infiltrarse entre los Na\'vi, que se han convertido en el mayor obstáculo para la extracción del mineral. Pero cuando Neytiri, una bella Na\'vi (Zoe Saldana), salva la vida de Jake, todo cambia: Jake, tras superar ciertas pruebas, es admitido en su clan. Mientras tanto, los hombres esperan los resultados de la misión de Jake', './img/pelis/avatar.png'),
(18, 'Titanic', 'James Cameron', 195, 'drama', 'Jack (DiCaprio), un joven artista, gana en una partida de cartas un pasaje para viajar a América en el Titanic, el transatlántico más grande y seguro jamás construido. A bordo conoce a Rose (Kate Winslet), una joven de una buena familia venida a menos que va a contraer un matrimonio de conveniencia con Cal (Billy Zane), un millonario engreído a quien sólo interesa el prestigioso apellido de su prometida. Jack y Rose se enamoran, pero el prometido y la madre de ella ponen todo tipo de trabas a su relación. Mientras, el gigantesco y lujoso transatlántico se aproxima hacia un inmenso iceberg.', './img/pelis/titanic.png'),
(19, 'El Castillo Ambulant', 'Hayao Miyazaki', 119, 'anime', 'Narra la historia de Sophie, una joven sobre la que pesa una horrible maldición que le confiere el aspecto de una anciana. Sophie decide pedir ayuda al mago Howl, que vive en un castillo ambulante, pero tal vez sea Howl quien necesite la ayuda de Sophie.', './img/pelis/castilloambulante.png'),
(20, 'El Padrino', 'Francis Ford Coppola', 175, 'drama', 'América, años 40. Don Vito Corleone (Marlon Brando) es el respetado y temido jefe de una de las cinco familias de la mafia de Nueva York. Tiene cuatro hijos: Connie (Talia Shire), el impulsivo Sonny (James Caan), el pusilánime Fredo (John Cazale) y Michael (Al Pacino), que no quiere saber nada de los negocios de su padre. Cuando Corleone, en contra de los consejos de \'Il consigliere\' Tom Hagen (Robert Duvall), se niega a participar en el negocio de las drogas, el jefe de otra banda ordena su asesinato. Empieza entonces una violenta y cruenta guerra entre las familias mafiosas.', './img/pelis/elpadrino.png'),
(22, 'Kimetsu no Yaiba: Mu', 'Haruo Sotozaki', 117, 'anime', 'Tanjiro Kamado y sus amigos del Demon Slayer Corps acompañan a Kyōjurō Rengoku, el Flame Hashira, para investigar una misteriosa serie de desapariciones que ocurren dentro de un tren aparentemente infinitamente largo. Poco saben que Enmu, la última de las Lunas Inferiores de los Doce Kizuki, también está a bordo y les ha preparado una trampa.', './img/pelis/kimetsu.png'),
(23, 'Logan 1', 'James Mangold', 135, 'accion', 'Sin sus poderes, por primera vez, Wolverine es verdaderamente vulnerable. Después de una vida de dolor y angustia, sin rumbo y perdido en el mundo donde los X-Men son leyenda, su mentor Charles Xavier lo convence para asumir una última misión: proteger a una joven que será la única esperanza para la raza mutante... Tercera y última película protagonizada por Hugh Jackman en el papel de Lobezno.', './img/pelis/logan.png'),
(25, 'Malefica', 'Robert Stromberg', 97, 'fantasia', 'Maléfica es una bella hada con un corazón puro y unas asombrosas alas negras. Crece en un entorno idílico, un apacible reino en el bosque limítrofe con el mundo de los hombres, hasta que un día un ejército de invasores humanos amenaza la armonía de su país. Maléfica se erige entonces en la protectora de su reino, pero un día es objeto de una despiadada e inesperada traición, un hecho triste y doloroso que endurecerá su corazón hasta convertirlo en piedra, y que la llevará a lanzar una temible maldición.', './img/pelis/malefica.png'),
(26, 'El Rito', 'Mikael H&aring;fstr&', 112, 'terror', 'Michael Kovak (Colin O\'Donoghue), un decepcionado seminarista norteamericano, decide asistir a un curso de exorcismos en el Vaticano, lo que hará que su fe se tambalee y tenga que enfrentarse a terribles fuerzas demoniacas. En Roma conocerá al Padre Lucas (Hopkins), un sacerdote poco ortodoxo que le enseñará el lado oscuro de la Fe.', './img/pelis/rito.png'),
(27, 'Mi vecino Totoro', 'Hayao Miyazaki', 86, 'anime', 'En los años 50, una familia japonesa se traslada al campo. Las dos hijas, Satsuki y Mei, entablan amistad con Totoro, un espíritu del bosque. El padre es un profesor universitario que estimula la imaginación de sus hijas relatándoles fábulas e historias mágicas sobre duendes, fantasmas y espíritus protectores de los hogares, mientras la madre se encuentra enferma en el hospital.', './img/pelis/totoro.png'),
(28, 'La tumba de las luci', 'Isao Takahata', 93, 'anime', 'Segunda Guerra Mundial (1939-1945). Seita y Setsuko son hijos de un oficial de la marina japonesa que viven en Kobe. Un día, durante un bombardeo, no consiguen llegar a tiempo al búnker donde su madre los espera. Cuando después buscan a su madre, la encuentran malherida en la escuela, que ha sido convertida en un hospital de urgencia.', './img/pelis/tumbaluciernagas.png'),
(39, 'La Tribu', 'Fernando Colomo', 90, 'comedia', 'Virginia (Carmen Machi), limpiadora de profesión y “streetdancer” vocacional, recupera al hijo que dio en adopción: Fidel (Paco León), un ejecutivo que lo ha perdido todo, incluida la memoria. Junto a “Las Mamis”, el extravagante grupo de baile que forman las compañeras de Virginia, madre e hijo descubrirán que a pesar de venir de mundos muy diferentes, ambos llevan el ritmo en la sangre.', './img/pelis/latribu.png'),
(40, 'El Exorcista', 'William Friedkin', 121, 'terror', 'Adaptación de la novela de William Peter Blatty que se inspiró en un exorcismo real ocurrido en Washington en 1949. Regan, una niña de doce años, es víctima de fenómenos paranormales como la levitación o la manifestación de una fuerza sobrehumana. Su madre, aterrorizada, tras someter a su hija a múltiples análisis médicos que no ofrecen ningún resultado, acude a un sacerdote con estudios de psiquiatría. Éste, convencido de que el mal no es físico sino espiritual, es decir que se trata de una posesión diabólica, decide practicar un exorcismo. Seguramente la película de terror más popular de todos los tiempos.', './img/pelis/exorcista.png'),
(41, 'Batman', 'Matt Reeves', 175, 'accion', 'Después de dos años acechando por las calles de la ciudad como Batman (Robert Pattinson), e infundiendo miedo en las mentes perversas de los criminales, Bruce Wayne está sumido en las profundidades de las sombras de Gotham City. Este vigilante solitario cuenta con pocos aliados de confianza y eso le ha llevado a convertirse en la única encarnación de la venganza entre sus conciudadanos. Cuando un asesino apunta a la élite de Gotham con una serie de maquinaciones sádicas, un rastro de pistas crípticas lleva a Batman a realizar una investigación en el inframundo', './img/pelis/batman.png'),
(42, 'Huida de Mogadiscio', 'Ryoo Seung-Wan', 121, 'accion', 'En 1991, Mogadiscio, capital y ciudad más poblada de Somalia, estaba pasando por una guerra civil. El personal y las familias de la embajada de Corea del Sur, aislados sin poder comunicarse, aguantaron como pudieron. Una noche, el personal de la embajada de Corea del Norte llamó a la puerta pidiendo ayuda. El objetivo de ambas embajadas era huir de la ciudad', './img/pelis/mogadishu.png'),
(43, 'Eternals', 'Chlo&eacute; Zhao', 156, 'accion', 'Hace millones de años, los seres cósmicos conocidos como los Celestiales comenzaron a experimentar genéticamente con los humanos. Su intención era crear individuos superpoderosos que hicieran únicamente el bien, pero algo salió mal y aparecieron los Desviantes, destruyendo y creando el caos a su paso. Ambas razas se han enfrentado en una eterna lucha de poder a lo largo de la historia. En medio de esta guerra, Ikaris y Sersi tratarán de vivir su propia historia de amo', './img/pelis/eternals.png'),
(44, 'Marte', 'Ridley Scott', 142, 'ciencia ficcion', 'Durante una misión tripulada a Marte, el astronauta Mark Watney es dado por muerto tras una terrible tormenta y abandonado por la tripulación, que pone rumbo de vuelta a la Tierra. Pero Watney ha sobrevivido y se encuentra atrapado y solo en el hostil planeta rojo. Con suministros escasos, deberá recurrir a su ingenio y a su instinto de supervivencia para encontrar la manera de comunicar a la Tierra que sigue vivo', './img/pelis/marte.png'),
(45, 'Alien', 'Ridley Scott', 116, 'ciencia ficcion', 'De regreso a la Tierra, la nave de carga Nostromo interrumpe su viaje y despierta a sus siete tripulantes. El ordenador central, MADRE, ha detectado la misteriosa transmisión de una forma de vida desconocida, procedente de un planeta cercano aparentemente deshabitado. La nave se dirige entonces al extraño planeta para investigar el origen de la comunicación.', './img/pelis/alien.png'),
(46, 'Ex Machina', 'Alex Garland', 108, 'ciencia ficcion', 'Nathan, un programador multimillonario con fama de reclusivo, selecciona a Caleb, un joven empleado de su empresa, para que pase una semana con él en un lugar remoto en las montañas con el objetivo de que participe en un test en el que está involucrada su última creación: Ava, un robot-mujer en el que inteligencia artificial lo es todo', './img/pelis/machina.png'),
(47, 'Predators', 'Nimrod Antal', 107, 'ciencia ficcion', 'Royce es un mercenario que, a regañadientes, encabeza a un grupo de guerreros de élite que acaban dándose cuenta de que los han llevado juntos a otro planeta… para servir de presa. Con la excepción de un médico desprestigiado, todos ellos son unos desalmados asesinos -mercenarios, yakuzas, presidiarios, miembros de escuadrones de la muerte-, “depredadores” humanos que ahora están siendo cazados y eliminados sistemáticamente por una nueva raza de Depredadores extraterrestres', './img/pelis/predators.png'),
(48, 'Bill y Ted', 'Dean Parisot', 91, 'comedia', 'A dos aspirantes a rockero de San Dimas, California, les aseguraron una vez no hace mucho tiempo que serían los salvadores del mundo después de protagonizar un viaje en el tiempo, pero la realidad es que hoy son padres de mediana edad que pasan los días tratando de componer una canción que valga la pena y de hacer que su destino se haga realidad', './img/pelis/billted.png'),
(49, 'Jexi Hello', 'Jon Lucas', 84, 'comedia', 'Phil (Adam DeVine) es un adicto a su teléfono móvil sin amigos ni vida amorosa. Tras comprar un nuevo móvil, descubre a Jexi (Rose Byrne), una interfaz artificial que hace las veces de asistente virtual. Con su ayuda, Phil comienza a vivir por primera vez. A medida que se vuelve menos dependiente de su móvil, Jexi empieza a desarrollar una actitud un tanto extraña con la que pretende acaparar por completo a Phil, incluso pese a que ello implique perjudicar sus opciones de tener éxito en la vida', './img/pelis/jexi.png'),
(50, 'Patrulla Trueno', 'Ben Falcone', 107, 'comedia', 'En un mundo en el que los supervillanos son algo común, dos amigas de la infancia distanciadas se reúnen después de que una de ellas idee un tratamiento que les da superpoderes para proteger su ciudad.', './img/pelis/trueno.png'),
(51, 'A todo tren', 'Santiago Segura', 88, 'comedia', 'Cuando Ricardo, padre responsable volcado en su hijo, decide llevarle a un campamento en Asturias en tren nocturno, algunos padres le proponen que lleve también a varios de sus hijos Sin embargo, no cuentan con que en el último minuto les acompañe Felipe, abuelo de dos de los niños, un tipo extravagante e irresponsable. Cuando el tren arranca sin Ricardo ni Felipe, pero con los niños solos dentro, comenzará una disparatada persecución por parte del padre y del abuelo para alcanzar al tren, y un alocado viaje por parte de los niños, donde harán todas las travesuras que no se atreverían nunca a hacer delante de los mayores', './img/pelis/todotren.png'),
(52, 'King Richard', 'Marcus Green', 138, 'drama', 'Biopic sobre Richard Williams, un padre inasequible que ayudó a formar a dos de las deportistas más extraordinarias de todos los tiempos, dos atletas que acabarían marcando época en el deporte del tenis. Richard tenía una visión muy clara del futuro de sus hijas, y sirviéndose de métodos arriesgados y poco convencionales, elaboró un plan que llevaría a Venus y Serena Williams de las calles de Compton, California, al olimpo del deporte, convirtiéndolas en iconos del tenis', './img/pelis/kingrichard.png'),
(53, 'El ultimo duelo', 'Ridley Scott', 152, 'drama', 'Francia, 1386. Narra el enfrentamiento entre el caballero Jean de Carrouges (Matt Damon) y el escudero Jacques LeGris (Adam Driver), al acusar el primero al segundo de abusar de su esposa, Marguerite de Carrouges (Jodie Comer). El Rey Carlos VI decide que la mejor forma de solucionar el conflicto es un duelo a muerte. El que gane será el poseedor de la verdad y, en caso de que venza LeGris, la esposa del caballero será quemada como castigo por falsas acusaciones', './img/pelis/ultimoduelo.png'),
(54, 'Downton Abbey', 'Michael Engler', 122, 'drama', 'Año 1927. La familia Crawley y su carismática servidumbre se preparan para el momento más crucial de sus vidas. Una visita del rey y la reina de Inglaterra desatará una situación de escándalo, romance e intriga que pondrá en peligro el futuro de Downton... Continuación de la aclamada serie televisiva, \'Downton Abbey\'.', './img/pelis/downton.png'),
(55, 'Call Me by Your Name', 'Luca Guadagnino', 130, 'drama', 'Elio Perlman (Timothée Chalamet), un joven de 17 años, pasa el cálido y soleado verano de 1983 en la casa de campo de sus padres en el norte de Italia. Se pasa el tiempo holgazaneando, escuchando música, leyendo libros y nadando hasta que un día el nuevo ayudante americano de su padre llega a la gran villa. Oliver (Armie Hammer) es encantador y, como Elio, tiene raíces judías; también es joven, seguro de sí mismo y atractivo. Al principio Elio se muestra algo frío y distante hacia el joven, pero pronto ambos empiezan a salir juntos de excursión y, conforme el verano avanza, la atracción mutua de la pareja se hace más intensa', './img/pelis/callme.png'),
(56, 'La chica danesa', 'Tom Hooper', 120, 'drama', 'Drama basado en la verdadera historia de una pareja de artistas daneses, Einar y Gerda Wegener. La vida de este matrimonio dio un giro cuando Einar sustituyó a la modelo femenina que su mujer, Gerda, tenía que pintar. Cuando los retratos resultan ser un éxito, ella anima a su marido a adoptar una apariencia femenina. Lo que comenzó como un juego llevó a Einar a una metamorfosis inesperada', './img/pelis/danesa.png'),
(57, 'Turning Red', 'Domee Shi', 100, 'fantasia', 'Mei Lee, una niña de 13 años un poco rara pero segura de sí misma, se debate entre ser la hija obediente que su madre quiere que sea y el caos propio de la adolescencia. Ming, su protectora y ligeramente exigente madre, no se separa nunca de ella lo que es una situación poco deseable para una adolescente. Y por si los cambios en su vida y en su cuerpo no fueran suficientes, cada vez que se emociona demasiado (lo que le ocurre prácticamente todo el tiempo), se convierte en un panda rojo gigante', './img/pelis/red.png'),
(58, 'Soul.', 'Pete Docter', 100, 'fantasia', '¿Alguna vez te has preguntado de dónde provienen tu pasión, tus sueños y tus intereses? ¿Qué es lo que te hace ser... tú? Pixar te lleva en un viaje desde las calles de Nueva York a los reinos cósmicos para descubrir las respuestas a las preguntas más importantes de la vida', './img/pelis/soul.png'),
(59, 'Sonic', 'Jeff Fowler', 99, 'fantasia', 'Sonic, el descarado erizo azul basado en la famosa serie de videojuegos de Sega, vivirá aventuras y desventuras cuando conoce a su amigo humano y policía, Tom Wachowski (James Marsden). Sonic y Tom unirán sus fuerzas para tratar de detener los planes del malvado Dr. Robotnik (Jim Carrey), que intenta atrapar a Sonic con el fin de emplear sus inmensos poderes para dominar el mundo.', './img/pelis/sonic.png'),
(60, 'Encanto', 'Jared Bush', 99, 'fantasia', 'Cuenta la historia de una familia extraordinaria, los Madrigal, que viven escondidos en las montañas de Colombia, en una casa mágica situada en un enclave maravilloso llamado Encanto. La magia de Encanto ha dotado a todos los niños de la familia un don único, desde la súperfuerza hasta el poder de curar... Pero se olvidó de un miembro de la familia: Mirabel. Cuando ésta descubre que la magia que rodea Encanto está en peligro, decide que ella, la única Madrigal normal, podría ser la última esperanza de su extraordinaria familia.', './img/pelis/encanto.png'),
(61, 'West Side Story', 'Steven Spielberg', 156, 'musical', 'Los adolescentes Tony y María, a pesar de tener afiliaciones con pandillas callejeras rivales, los Jets y los Sharks, se enamoran en la ciudad de Nueva York en la década de los 50. Nueva versión del legendario musical \'West Side Story\', a su vez adaptación de una famosa obra de teatro de Broadway, que modernizaba la historia de \'Romeo y Julieta\', de Shakespeare', './img/pelis/west.png'),
(62, 'Tick, tick... Boom', 'Lin-Manuel Miranda', 115, 'musical', 'Basada en el musical autobiográfico de Jonathan Larson, sigue a un aspirante a compositor de obras teatrales que trabaja de camarero en Nueva York mientras escribe Superbia, que espera que sea el próximo gran musical americano y lo que finalmente le dé su gran oportunidad. Jon también se ve presionado por su novia, Susan, cansada de poner las aspiraciones profesionales de Jon por delante de su propia vida. Mientras tanto, su mejor amigo y compañero de piso, Michael, ha renunciado a sus aspiraciones por un trabajo en publicidad en Madison Avenue y está a punto de mudarse.', './img/pelis/tick.png'),
(63, 'The Greatest Showman', 'Michael Gracey', 105, 'musical', 'Biopic sobre Phineas Taylor Barnum (1810-1891), un empresario circense estadounidense que fundó el \"Ringling Bros. and Barnum & Bailey Circus\", conocido como \"el mayor espectáculo en la tierra\"', './img/pelis/showman.png'),
(64, 'Bohemian Rhapsody', 'Bryan Singer', 134, 'musical', '\'Bohemian Rhapsody\' es una celebración del grupo Queen, de su música y de su singular cantante Freddie Mercury, que desafió estereotipos para convertirse en uno de los showmans más queridos del mundo. El film plasma el meteórico ascenso de la banda al olimpo de la música a través de sus icónicas canciones y su revolucionario sonido, su crisis cuando el estilo de vida de Mercury estuvo fuera de control, y su triunfal reunión en la víspera del Live Aid, en la que Mercury, mientras sufría una enfermedad que amenazaba su vida, lidera a la banda en uno de los conciertos de rock más grandes de la historia.', './img/pelis/bohemian.png'),
(65, 'Umma.', 'Iris K. Shim', 83, 'terror', 'Amanda y su hija viven una vida tranquila en una granja estadounidense, pero cuando los restos de su madre separada llegan de Corea, Amanda se ve obsesionada por el temor de convertirse en su propia madre.', './img/pelis/umma.png'),
(66, 'Tiempo', 'M. Night Shyamalan', 108, 'terror', 'Durante unas vacaciones en un paraíso tropical, una familia empieza a percibir que en la recóndita playa elegida para relajarse unas horas suceden algunas anomalías temporales...', './img/pelis/old.png');

--
-- Volcado de datos para la tabla `peliscompletado`
--

INSERT INTO `peliscompletado` (`id_usuario`, `id_Reto`, `id_pelicula`) VALUES
(8, 7, 17),
(8, 7, 18),
(8, 7, 19);

--
-- Volcado de datos para la tabla `pelisreto`
--

INSERT INTO `pelisreto` (`id_Pelicula`, `id_Reto`) VALUES
(17, 4),
(17, 7),
(18, 7),
(19, 5),
(19, 7),
(22, 5),
(23, 3),
(25, 5),
(27, 1),
(27, 5),
(28, 1),
(28, 5);

--
-- Volcado de datos para la tabla `retos`
--

INSERT INTO `retos` (`id_Reto`, `nombre`, `num_usuarios`, `num_completado`, `dificultad`, `descripcion`, `dias`, `puntos`) VALUES
(1, 'NOCHE DE ANIME 1', 2, 1, 'MEDIO', 'Supera este reto con amigos', 10, 15),
(2, 'TERROR NIGHT', 1, 1, 'FACIL', 'El reto de lo mas terror&iacute;fico', 3, 8),
(3, 'PELI Y MANTA', 2, 0, 'DIFICIL', 'El mejor plan de finde', 15, 30),
(4, 'CIENCIA Y RETO', 2, 2, 'MEDIO', 'Ciencia ficci&oacute;n a tope', 9, 17),
(5, 'PELI ENCANTADA', 1, 0, 'DIFICIL', 'Disfruta de retos y amigos', 4, 5),
(6, 'RETO DE LA VIDA', 2, 1, 'FACIL', 'Aprovecha este reto!', 4, 8),
(7, 's 111111', 1, 1, 'MEDIO', 'a', 11, 32);

--
-- Volcado de datos para la tabla `series`
--

INSERT INTO `series` (`id_serie`, `titulo`, `productor`, `numTemporadas`, `genero`, `sinopsis`, `ruta_imagen`) VALUES
(7, 'Attack on Titan', 'FUNimation Entertain', 4, 'anime', 'Serie basada en el manga del mismo nombre, dirigida por Tetsuro Araki y protagonizada por un grupo de residentes de una ciudad rodeada de murallas, las cuales sirven para proteger a la población de los ataques de gigantes caníbales, quienes de vez en cuando consiguen entrar en el lugar.', './img/series/attackontitan.png'),
(8, 'The Witcher', 'Tomasz Bagiński', 2, 'fantasia', 'Serie de TV (2019-actualidad). 2 temporadas. Geralt de Rivia, un cazador de monstruos mutante, viaja en pos de su destino por un mundo turbulento en el que, a menudo, los humanos son peores que las bestias. Adaptación a la televisión de la saga literaria de Andrzej Sapkowski, que dio a su vez origen a una trilogía de prestigiosos videojuegos.', './img/series/brujero.jpg'),
(9, 'Hanna', 'Amazon Studios', 1, 'accion', 'Una joven es entrenada desde pequeña por su padre, un ex-agente de la CIA, para convertirse en una asesina perfecta. Adaptación televisiva de la película de 2011.', './img/series/hannah.png'),
(10, 'Neon Genesis Evangel', 'GAINAX TV Tokyo NAS', 1, 'anime', 'Serie de TV (1995-1996). 1 temporada. 26 episodios. En el año 1999, en la Antártida, ocurrió un cataclismo llamado \"El Segundo Impacto\", como resultado de un incidente ocasionado por unos seres conocidos como \"Ángeles\". Gran parte de la Tierra quedó devastada por el fenómeno, y la mitad de la población sucumbió en la catástrofe, aunque ahora la humanidad gradualmente se va recuperando. Años después, en el 2015, los \"Ángeles\" regresan y comienzan a atacar a la Tierra... Cada uno de los \"Ángeles\" es diferente de los demás, excepto por el hecho de que todos pueden generar un impenetrable escudo protector llamado Campo AT. La organización NERV revela su nuevo proyecto con miras a salvar el mundo: gigantes y bio-mecánicos robots conocidos como Evas, que son unos de las pocas fuerzas sobre la Tierra capaces de enfrentar a los \"Ángeles\". Sólo niños específicos pueden pilotar los Evas: Shinji Ikari, el hijo de el jefe de NERV y que no desea pelear, la reservada Rei Ayanami y la exaltada (y algo amante del combate) Asuka Langley. Mientras combaten a los \"Ángeles\" uno a uno, van descubriendo más y más acerca de la naturaleza y el futuro de la humanidad', './img/series/evangelion.png'),
(11, 'Heartstopper', 'Netflix', 1, 'drama', 'Serie de TV (2021). 8 episodios. Dos adolescentes británicos, Nick Nelson y Charlie Spring, estudian en una escuela primaria exclusiva para varones. Charlie, un pensador demasiado nervioso y abiertamente gay, y Nick, un jugador de rugby alegre y de buen corazón, un día se sientan juntos en clase', './img/series/heartstopper.png'),
(12, 'Elite', 'Netflix', 5, 'drama', 'Serie de TV (2018-Actualidad). 5 temporadas. Las Encinas es el colegio más exclusivo del país y al que la élite envía a sus hijos a estudiar. Un mundo privilegiado con fiestas de alta sociedad, niños ricos, sexo y drogas. En él acaban de ser admitidos tres chicos de clase obrera después de que un terremoto destruyera el colegio público y sus alumnos tuvieran que ser repartidos por otros institutos de la zona. El choque entre los que lo tienen todo y los que no tienen nada que perder crea una tormenta perfecta que acaba en un asesinato. ¿Quién ha cometido el crimen?', './img/series/elite.png'),
(13, 'Hora de Aventuras', 'Frederator Studios', 2, 'fantasia', 'Serie de TV (2010-2018). 10 temporadas. 283 episodios. Sigue las aventuras del Finn y su mejor amigo y hermano Jake, un perro con poderes mágicos con los que puede cambiar de forma y aumentar o encoger su tamaño. Viven en la Tierra de Ooo, un entorno lleno de personajes surrealistas y animales que hablan, donde la magia y la alta tecnología se unen para crear extraños y nuevos artefactos. Pero la realidad sobre la Tierra de Ooo esconde secretos oscuros...', './img/series/aventuras.png'),
(14, 'Los Hombres de Paco', 'Globomedia', 9, 'comedia', 'Serie de TV (2005-2010). 9 temporadas. 117 episodios. Narra en tono de humor negro las peripecias profesionales y personales de un grupo de policías de barrio de una gran ciudad. Paco Miranda (Paco Tous), un inspector bonachón e incapaz de enfrentarse a situaciones críticas, tiene dos hombres de confianza: Mariano (Pepón Nieto) y Lucas (Hugo Silva). Son tres perdedores que viven toda clase de situaciones disparatadas. El jefe de Paco es su suegro, Don Lorenzo (Juan Diego), un hombre de honor, estricto, cascarrabias y maniático. Tanto Paco como su equipo, se esmeran por hacer méritos para que el comisario reconozca su trabajo', './img/series/paco.png'),
(15, 'Glee Serie', 'Brad Falchuk', 6, 'musical', 'Serie de TV (2009-2015). 6 temporadas. 121 episodios. Glee es una comedia de televisión, emitida por la cadena Fox. La trama se basa en una escuela preparatoria, y los integrantes de un coro estudiantil, también conocido como Glee', './img/series/glee.png'),
(16, 'Moon Knight', 'Marvel Studios', 2, 'accion', 'Un trabajador de un museo que lucha contra un trastorno de identidad disociativo, recibe los poderes de un dios egipcio de la luna. Pronto descubre que estos poderes pueden ser tanto una bendición como una maldición', './img/series/moon.png'),
(17, 'Dale Gas', 'Dynamo', 1, 'accion', 'Kike Guerrero, un mecánico y corredor de autos tras un accidente, huye de Monterrey, pero para salir adelante debe adentrarse en las carreras ilegales y robos de automóviles', './img/series/dalegas.png'),
(18, 'Invencible', 'Amazon Studios', 1, 'accion', 'La serie muestra qué ocurre cuando los Teen Titans no se encuentran salvando la ciudad', './img/series/invencible.png'),
(19, 'Teen Titans Go', 'Warner Bros', 1, 'accion', 'La editora pensó que era Attack on Titans pero para bebés... La serie muestra qué ocurre cuando los Teen Titans no se encuentran salvando la ciudad.', './img/series/teentitans.png'),
(20, 'Spy x Family', 'Wit Studio', 1, 'anime', 'El espía Twilight es el mejor en su trabajo para las misiones clandestinas. Para su última misión, tiene una peligrosa condición para él: Casarse y tener un hijo para infiltrarse en una elitista escuela privada. Twilight consigue una esposa y un hijo para la misión, pero lo que no sabe es que la esposa elegida es en realidad una asesina, y la niña, una telépata', './img/series/spyxfam.png'),
(21, 'My Hero Academia', 'BONES', 4, 'anime', 'Las personas no nacen igual. El protagonista de esta historia es uno de esos casos raros que nacen sin superpoderes, pero esto no le impedirá perseguir su sueño: ser un gran héroe como el legendario All-Might. Para convertirse en el héroe que quiere ser, se apuntará a una de las academias de héroes más prestigiosas del país: Yueiko. Con la ayuda de su ídolo, All-Might, ¿podrá convertirse en un verdadero héroe?', './img/series/boku.png'),
(22, 'Haikyu!', 'Production I.G', 4, 'anime', 'Un hecho fortuito desencadena el amor de Shouyou Hinata por el voleibol. Su club no tenía ningún miembro, pero de algún modo perseveró y finalmente realizó su primer y último partido regular de la escuela secundaria, donde fue aniquilado por Tobio Kageyama, un jugador superestrella conocido como \"Rey de la Corte.\" ¡Jurando venganza, Hinata ingresa en el club de voleibol Karasuno, de secundaria alta, solo para volver a encontrarse cara a cara con su odiado rival, Kageyama!', './img/series/haikyuu.png'),
(23, 'Jujutsu Kaisen', 'MAPPA', 1, 'anime', 'Yuji Itadori decide pasar el tiempo con el Club de Ocultismo del instituto, pese a poseer unas habilidades atléticas extraordinarias. Con el tiempo, descubre que el mundo del oculto es real, y los miembros del club son atacados. Mientras, el misterioso Megumi Fushiguro está buscando un objeto maldito, y su búsqueda le lleva hasta Itadori', './img/series/jujutsu.png'),
(24, 'Naruto', 'TV Tokyo', 1, 'anime', 'La historia transcurre en un mundo dominado por aldeas ninja. En las cuales el papel del ninja se traduce como el poder de cada país. Cada uno de estos cuenta con su aldea oculta que es donde estudian, entrenan, graduan y forman cada ninja. Los ninjas utilizan todo tipo de artes marciales desde la lucha cuerpo a cuerpo a ilusiones o técnicas secretas como por ejemplo la manipulación de elementos.', './img/series/naruto.png'),
(25, 'One Piece', 'Toei Animation', 1, 'anime', 'Más de 800 episodios. Riqueza, fama, poder... un hombre que había obtenido todo en este mundo. El \"Rey de los Piratas\" Gold Roger. Antes de morir sus últimas palabras inspiraron al mundo a aventurarse al mar: \"¿Mi tesoro? Si lo queréis es vuestro... Se lo daré a aquel que lo encuentre. He escondido todos mis tesoros en ESE LUGAR\". El mundo ha entrado en la \"Gran Era de la Piratería\".', './img/series/onepiece.png'),
(26, 'Upload', 'Amazon Studios', 2, 'ciencia ficcion', 'Las personas que están cerca de la muerte pueden ser subidas a una vida futura virtual que ellos elijan. Nora (Andy Allo), una joven nacida en Brooklyn, trabaja en atención al cliente de un lujoso entorno de realidad virtual. El coche de un joven de Los Ángeles, Nathan (Robbie Amell), se queda colgado y su novia lo sube permanentemente al mundo de realidad virtual donde trabaja Nora. Mientras que Nathan intenta acostumbrarse a una vida lejos de sus seres queridos, Nora lucha por mantenerse a flote trabajando junto a él en el más allá.', './img/series/upload.png'),
(27, 'War of the Worlds', 'Fox Networks', 2, 'ciencia ficcion', 'Ambientada en la actualidad. Cuando los astrónomos detectan una transmisión desde otra galaxia, es una prueba definitiva de la existencia de vida extraterrestre inteligente. La población mundial espera un futuro contacto con la respiración contenida. Sin embargo, no tendrán que esperar mucho. En cuestión de días, la humanidad queda prácticamente aniquilada en un ataque devastador; los supervivientes se encontrarán un mundo misteriosamente desierto.', './img/series/war.png'),
(28, 'Invasion', 'Genre Films', 2, 'ciencia ficcion', 'Un ataque alienígena que afecta a toda la Tierra se muestra desde el punto de vista de personajes desperdigados por diferentes continentes.', './img/series/invasion.png'),
(29, 'El joven Sheldon', 'Warner Bros', 1, 'comedia', 'Spin-off de \"Bing Bang Theory\" centrada en el personaje de Sheldon Cooper (interpretado por Jim Parsons en la serie original), concretamente cuando Sheldon (Iain Armitage) es un niño prodigio de 9 años que vive con su familia en Texas.', './img/series/sheldon.png'),
(30, 'Ted Lasso', 'Apple TV+', 1, 'comedia', 'Un ingenuo entrenador norteamericano de fútbol (Jason Sudeikis) decide probar suerte en un club de fútbol inglés, pero su inexperiencia despierta recelo y desdén entre jugadores y aficionados.', './img/series/ted.png'),
(31, '13 Reasons Why', 'Netflix', 4, 'drama', 'El adolescente Clay Jensen (Dylan Minnette) vuelve un día a casa después del colegio y encuentra una misteriosa caja con su nombre. Dentro descubre una cinta grabada por Hannah Baker (Katherine Langford), una compañera de clase por la que sentía algo especial y que se suicidó tan solo dos semanas atrás. En la cinta, Hannah cuenta que hay trece razones por las que ha decidido quitarse la vida. ¿Será Clay una de ellas? Si lo escucha, tendrá oportunidad de conocer cada motivo de su lista.', './img/series/why.png'),
(32, 'Pieces of Her', 'Endeavor', 1, 'drama', 'Cuando una visita al centro comercial acaba en violencia, una joven descubre un lado desconocido de su madre', './img/series/pieces.png'),
(33, 'Naomi', 'Array Filmworks', 1, 'fantasia', 'Naomi es una adolescente tranquila, segura de sí misma y amante de los cómics mientras persigue su destino oculto. Cuando un suceso sobrenatural sacude su pequeña ciudad natal de Port Oswego, Naomi se propone descubrir sus orígenes', './img/series/naomi.png'),
(34, 'American Gods', 'Fremantle', 1, 'fantasia', 'Serie de TV (2017-Actualidad). Sombra cumple condena cuando su mujer y su mejor amigo acaban de morir en un accidente de coche. Es en mitad de un tormentoso vuelo, de camino al funeral, donde conoce al Señor Miércoles.', './img/series/americang.png'),
(35, 'Ragnarok', 'SAM productions', 2, 'fantasia', 'Una serie de extraños sucesos comienzan a suceder en la pequeña localidad noruega de Edda, donde todos sus habitantes no son lo que parecen ser', './img/series/ragnarok.ng.jpg'),
(36, 'Archivo 81', 'Atomic Monster', 1, 'terror', 'Tras ser contratado para restaurar una colección de cintas, un archivista descubre algo siniestro en las grabaciones.', './img/series/archive.png'),
(37, 'Estamos muertos', 'Film Monster', 1, 'terror', 'Un virus que convierte a los infectados en zombis se propaga rápidamente dentro de un instituto. Los estudiantes luchan por escapar y sobrevivir.', './img/series/muertos.png'),
(38, 'Chapelwaite', 'Epixx', 1, 'terror', 'El capitán Charles Boone hace que su familia de tres hijos se traslade a su antigua casa en un pueblo pequeño y aparentemente tranquilo de Preacher\'s Corners, Maine, tras la muerte de su mujer en el mar.', './img/series/chapelwaite.png'),
(39, 'Black Summer', 'The Asylum', 1, 'terror', 'En los primeros y confusos días de un apocalipsis zombi, completos desconocidos deben aliarse para hacerse fuertes y regresar con sus seres queridos. Precuela de la serie \"Z Nation\" producida por The Asylum para el canal Syfy', './img/series/black.png'),
(40, 'Erase una vez', 'Endurance', 1, 'musical', 'Antes de que Alicia se adentrase en el País de las Maravillas y de que Peter se convirtiese en Pan, ambos eran hermanos. Después de que su hermano mayor fallezca en un trágico accidente, intentan salvar a sus padres de la espiral de desesperación, hasta que finalmente se ven obligados a elegir entre su hogar y su imaginación, creando así la antesala de sus icónicos viajes al País de las Maravillsa y al de Nunca Jamás.', './img/series/erase.png'),
(41, 'Pose.', 'FX Productions', 1, 'musical', '\"Pose\" es una serie sobre la escena cultural afroamericana y latina LGBTQ+ y de género inconformista de la ciudad de Nueva York en la década de 1980. Los personajes destacados son bailarines y modelos que compiten por trofeos y reconocimiento en esta cultura underground, y que se apoyan mutuamente en una red de familias elegidas conocidas como Houses', './img/series/pose.png'),
(42, 'Patito Feo', 'Ideas del Sur', 2, 'musical', 'La historia trata de Patito, interpretada por Laura Esquivel. Ella vive con Carmen (Griselda Siciliani), su mamá, en San Carlos de Bariloche, y crece sin saber quién es su padre. Un día Patito se enamora a primera vista de Matías (Gastón Soffritti), un chico que está de vacaciones en el sur. Para ella resulta tan lindo como inalcanzable, un sueño que considera imposible. Pero para su sorpresa, ella y su mamá tienen que viajar a la ciudad capital a hacerse unos chequeos médicos, y terminan quedándose a vivir en Buenos Aires. Carmen se reencuentra con Leandro (Juan Darthés), el amor de su vida y padre de su hija; y Patito con Matías, el chico de sus sueños. Pero Matías tiene novia, Antonella (Brenda Asnicar), la chica más famosa en la escuela, donde lidera un grupo de amigas llamadas \"Las Divinas\". Patito integrará otro grupo, \"Las Populares\".', './img/series/patito.png');

--
-- Volcado de datos para la tabla `usuarioreto`
--

INSERT INTO `usuarioreto` (`id_usuario`, `id_Reto`, `fecha`, `completado`) VALUES
(8, 2, '0000-00-00', 1),
(8, 4, '0000-00-00', 1),
(8, 5, '0000-00-00', 0),
(8, 6, '0000-00-00', 1),
(8, 7, '2022-05-10', 1),
(9, 1, '0000-00-00', 1),
(9, 3, '0000-00-00', 0),
(9, 4, '0000-00-00', 1),
(9, 6, '0000-00-00', 0),
(10, 1, '2022-05-11', 0);

--
-- Volcado de datos para la tabla `usuarios`
--

INSERT INTO `usuarios` (`id_user`, `nombreUsuario`, `nombre`, `apellido`, `password`, `rol_user`, `puntos`) VALUES
(6, 'Admin', 'Administrador', 'Administrador', '$2y$10$KggiRmk9OI39yyBdNJw48.FTfGkKVEJLoNgYrfWMf0k4RbTCRCnxC', 'admin', 0),
(7, 'Editor', 'Editor', 'Editor', '$2y$10$CKrc4uVMK8j9xikFAKG0FuxmnW9CCiBMSNICSKu9xPdC9Nowrw.9q', 'editor', 0),
(8, 'User1', 'Usuario1111', 'Usuario111', '$2y$10$XaesEsp5BDoiE/FkZ0ZSFuHrQvOp7nwfCHbQlgLxqZIy4ct/.JP4C', 'user', 65),
(9, 'bucanero2', 'Marta', 'Louis2', '$2y$10$XMJ8GEswXhV7BVZ0jvYQRuJYuh/WYuae7NY8ctC64Pl/ZUKINLQmG', 'user', 32),
(10, 'prueba', 'prueba', 'prueba', '$2y$10$jOPwfxAd5qM/R2etgwEHfuv47RT/SAStczk6wTYnY1cvqeLxlKUl.', 'user', 0);

--
-- Volcado de datos para la tabla `valoraciones`
--

INSERT INTO `valoraciones` (`id_valoracion`, `idNoticia`, `idUser`, `contenido`, `puntuacion`) VALUES
(6, 31, 7, 'Poned vuestros comentarios chicos!!!!', 5),
(7, 32, 7, '¿Qué os ha aparecido Emma?', 5),
(8, 31, 9, 'Pues a mi no me gustó!!!', 3),
(9, 32, 9, 'Emma es la mejor, pero esta peli no es muy buena, es mi opinión', 2),
(10, 32, 9, 'La noticia esta muy chula!!', 3),
(11, 33, 9, 'Kate es una villana', 1),
(12, 31, 6, 'Cuanto comentario negativo!!!', 4),
(13, 31, 8, 'Una reina', 2),
(14, 32, 8, 'No me la creo!', 4),
(15, 31, 6, '<p>xAXAXS  A <strong>AAAA <span style=\\\"color:#e03e2d;\\\">AAA</span></strong></p>', 2);
COMMIT;

/*!40101 SET CHARACTER_SET_CLIENT=@OLD_CHARACTER_SET_CLIENT */;
/*!40101 SET CHARACTER_SET_RESULTS=@OLD_CHARACTER_SET_RESULTS */;
/*!40101 SET COLLATION_CONNECTION=@OLD_COLLATION_CONNECTION */;
